"Implementation_External_ID__c","Contact__r.Auctifera__Implementation_External_ID__c","Household_Organization__r.Auctifera__Implementation_External_ID__c","Attribute_Name__c","Attribute_Group__c","Data_Type__c","Value_Text__c","Value_Boolean__c","Value_Date__c","Value_Number__c","Comment__c","Start_Date__c","End_Date__c","Source_Category_ID__c","Source_Code_Table__c"
"D41C9C3B-68B8-4454-BAF9-EF209E4B79EA","CC87A60E-C1E2-4043-820D-2516169077BD","","Personlized Letters","","Yes/No","No","false","","","","2013-12-26","","B92DC639-88B9-46C6-82C2-74BBA9A395E1",""
"8A5770DF-5E0C-474C-AED8-3B3A192742FC","88602FED-7CA5-4128-8B93-800BD17235BD","","Holiday Gift Year","","Text","2023","","","","","","","DD519C4E-C559-4974-A70B-0CD01D8BBD58",""
"F7DE4E94-D986-4E33-AD55-CFABA6F9CB59","A5660303-EE91-415E-9315-9490DF401FCE","D5E3C204-1A8F-4956-8E6E-C6FA168DDC5A","Holiday Gift Year","","Text","2023","","","","","","","DD519C4E-C559-4974-A70B-0CD01D8BBD58",""
"8CC9B9A2-D2A6-4D16-B2B4-49F5F31FCD35","4DEEAE2C-F4A4-4A4E-A015-6C57B04B91F9","","Holiday Gift Year","","Text","2023","","","","","","","DD519C4E-C559-4974-A70B-0CD01D8BBD58",""
"9131C7C3-5B4F-4850-BA11-523274519421","BB8FFDE7-4A13-409C-A8E7-934252E6D519","","Holiday Gift Year","","Text","2023","","","","","","","DD519C4E-C559-4974-A70B-0CD01D8BBD58",""
"7F454018-B44C-4217-A3A2-C26D2A0D96C5","55B8DFF3-7DD0-4F9D-9BBD-4950A8F5D39E","","Holiday Gift Year","","Text","2023","","","","","","","DD519C4E-C559-4974-A70B-0CD01D8BBD58",""
"49A68F4A-4CDD-47D3-9F3D-ABA3B9EB1A08","88602FED-7CA5-4128-8B93-800BD17235BD","","Holiday Gift Year","","Text","2024","","","","","","","DD519C4E-C559-4974-A70B-0CD01D8BBD58",""
"9A673BE3-9B60-4C51-9A1F-BFB0D4CA02B5","A5660303-EE91-415E-9315-9490DF401FCE","D5E3C204-1A8F-4956-8E6E-C6FA168DDC5A","Holiday Gift Year","","Text","2024","","","","","","","DD519C4E-C559-4974-A70B-0CD01D8BBD58",""
"442025A8-8835-44E1-85BE-9506B8A8597D","4DEEAE2C-F4A4-4A4E-A015-6C57B04B91F9","","Holiday Gift Year","","Text","2024","","","","","","","DD519C4E-C559-4974-A70B-0CD01D8BBD58",""
"30A267C1-4654-4E6C-829C-CAC030FF563C","","A04F4AE1-E3F4-48F0-A8D8-3C45CE20E4B2","Holiday Gift Year","","Text","2024","","","","","","","DD519C4E-C559-4974-A70B-0CD01D8BBD58",""
"0479CCBF-C5BD-49DB-AFA9-D189D8421540","D7C13236-CE83-4BEA-A798-78E2575441D2","09B4FA55-EAFA-4283-86B6-85193B79833A","Spring 2025 Appeal","","Text","D","","","","","","","E1603C4E-06CB-42A6-B2A8-51B9A3B8DF51",""
"BCC6192F-CC3F-48C7-9FAC-7D0D6CF3D4C8","589A9B11-F489-4C90-AB2D-8287465BD615","","GREEN19","","Yes/No","Yes","true","","","","2019-08-29","","E93ED770-F650-4F52-A148-7C1C375CD924",""
"F86F9228-4E66-4F88-B257-260A8E544EC8","","FD1E62BD-372C-4EFD-8094-D7CFF7F1A382","Personlized Letters","","Yes/No","Yes","true","","","","2013-12-18","","B92DC639-88B9-46C6-82C2-74BBA9A395E1",""
"D25ADFE3-CDB2-43B8-8483-9E614C9EFA09","D7C13236-CE83-4BEA-A798-78E2575441D2","09B4FA55-EAFA-4283-86B6-85193B79833A","Personlized Letters","","Yes/No","Yes","true","","","","2013-12-18","","B92DC639-88B9-46C6-82C2-74BBA9A395E1",""
"7E2A9D27-6313-4301-8383-FFDB48CB5861","27933C10-49FF-43E6-90DF-9FF3CA6B07AB","","Personlized Letters","","Yes/No","Yes","true","","","","2013-12-19","","B92DC639-88B9-46C6-82C2-74BBA9A395E1",""
"911A3398-4AB6-4B96-AF09-1336F2F8E3E4","2F5BADBD-D41C-428A-A0F5-484B42DF16CD","B6FE7726-6191-4F47-9644-6D7A2C42CD38","Holiday Gift Year","","Text","2024","","","","","","","DD519C4E-C559-4974-A70B-0CD01D8BBD58",""
"38C0C78B-2A3E-470D-BA5D-5D30F3F830F6","D7C13236-CE83-4BEA-A798-78E2575441D2","09B4FA55-EAFA-4283-86B6-85193B79833A","VIP","","Text","No value in RE7","","","","","","","A78D16C4-B7D9-4E6C-A7E3-3EA075550A63",""
"6474A6C2-124F-4C45-883E-965BB774D3D2","4DEEAE2C-F4A4-4A4E-A015-6C57B04B91F9","","VIP","","Text","No value in RE7","","","","","","","A78D16C4-B7D9-4E6C-A7E3-3EA075550A63",""
"19F5DF37-E105-47C7-BE18-376BADB02D15","4DEEAE2C-F4A4-4A4E-A015-6C57B04B91F9","","Spring 2025 Appeal","","Text","A","","","","","","","E1603C4E-06CB-42A6-B2A8-51B9A3B8DF51",""
"5EB5940E-B1C0-42C7-84E9-803E8ADADFCD","2F5BADBD-D41C-428A-A0F5-484B42DF16CD","B6FE7726-6191-4F47-9644-6D7A2C42CD38","Spring 2025 Appeal","","Text","A","","","","","","","E1603C4E-06CB-42A6-B2A8-51B9A3B8DF51",""
"0EA30BDA-E399-4E87-936E-F97C1C0937DD","55B8DFF3-7DD0-4F9D-9BBD-4950A8F5D39E","","Spring 2025 Appeal","","Text","A","","","","","","","E1603C4E-06CB-42A6-B2A8-51B9A3B8DF51",""
"DD082E78-A427-4B58-82EE-920A277565C2","DFC2F777-11D2-4A71-A410-2A0034C0C876","","Spring 2025 Appeal","","Text","A","","","","","","","E1603C4E-06CB-42A6-B2A8-51B9A3B8DF51",""
"0FF67564-D2DE-483B-BE78-310744A2BC1A","","A04F4AE1-E3F4-48F0-A8D8-3C45CE20E4B2","Spring 2025 Appeal","","Text","B","","","","","","","E1603C4E-06CB-42A6-B2A8-51B9A3B8DF51",""
"4B07CF9D-732E-4D3A-80C8-6917E7722C35","BB8FFDE7-4A13-409C-A8E7-934252E6D519","","Spring 2025 Appeal","","Text","B","","","","","","","E1603C4E-06CB-42A6-B2A8-51B9A3B8DF51",""
"B4ABFD0B-DCFE-4294-8582-21BA7772D506","A5660303-EE91-415E-9315-9490DF401FCE","D5E3C204-1A8F-4956-8E6E-C6FA168DDC5A","Spring 2025 Appeal","","Text","C","","","","","","","E1603C4E-06CB-42A6-B2A8-51B9A3B8DF51",""
"9972D878-B438-4022-B32C-2692E9A9CE0A","DBFCFEF3-4944-4245-BDF9-CC6AE4CD2EC5","","Spring 2025 Appeal","","Text","C","","","","","","","E1603C4E-06CB-42A6-B2A8-51B9A3B8DF51",""
"6161401B-4647-4142-A48E-537B419F5D17","A492897F-0F1B-43EF-BBD9-DC2E5997043F","","Spring 2025 Appeal","","Text","D","","","","","","","E1603C4E-06CB-42A6-B2A8-51B9A3B8DF51",""
"9F94ABF9-3431-42FB-8183-CCB9ADA6C97F","7B9A16EB-58B4-4A34-A528-222D05A8B514","","Spring 2025 Appeal","","Text","E","","","","","","","E1603C4E-06CB-42A6-B2A8-51B9A3B8DF51",""
"C0497728-78BE-49D9-BE38-E029A1075D42","","FD1E62BD-372C-4EFD-8094-D7CFF7F1A382","Spring 2025 Appeal","","Text","F","","","","","","","E1603C4E-06CB-42A6-B2A8-51B9A3B8DF51",""
"065A4E5B-8EF1-46DB-AF41-3C15B6307428","27933C10-49FF-43E6-90DF-9FF3CA6B07AB","","Feasibility Study","","Yes/No","Yes","true","","","","","","1995157A-8FC5-49F0-B37A-4DFC3576E4D0",""
"E9FA1A08-7FE2-421E-B197-536C89FADEE3","","C069F150-226F-43A7-A98A-DA8C9CBAF735","Feasibility Study","","Yes/No","Yes","true","","","","","","1995157A-8FC5-49F0-B37A-4DFC3576E4D0",""
"0DD7CAEA-703A-4C90-BF48-B8A414AC1A75","CC87A60E-C1E2-4043-820D-2516169077BD","","Feasibility Study","","Yes/No","No","false","","","out of town","","","1995157A-8FC5-49F0-B37A-4DFC3576E4D0",""
"10A73163-70DF-4053-8A66-9AD2EA70C8D8","","FD1E62BD-372C-4EFD-8094-D7CFF7F1A382","Feasibility Study","","Yes/No","Yes","true","","","","","","1995157A-8FC5-49F0-B37A-4DFC3576E4D0",""
"ABE639F7-7E56-4424-AD14-D0BFFE7F1B26","A5660303-EE91-415E-9315-9490DF401FCE","D5E3C204-1A8F-4956-8E6E-C6FA168DDC5A","YE 2024 Appeal","","Text","C","","","","","","","EF6276D7-10DA-46EB-BAF3-22071FE82130",""
"810F8A9D-FC68-4C67-A6A1-0EA380BF4D56","DBFCFEF3-4944-4245-BDF9-CC6AE4CD2EC5","","YE 2024 Appeal","","Text","C","","","","","","","EF6276D7-10DA-46EB-BAF3-22071FE82130",""
"8DFEBE1C-8BAB-4E3E-88A7-3E97A8702B52","CC87A60E-C1E2-4043-820D-2516169077BD","","YE 2024 Appeal","","Text","D","","","","","","","EF6276D7-10DA-46EB-BAF3-22071FE82130",""
"27DFE809-D5C7-4D42-841F-EA8C806D0DE6","A492897F-0F1B-43EF-BBD9-DC2E5997043F","","YE 2024 Appeal","","Text","D","","","","","","","EF6276D7-10DA-46EB-BAF3-22071FE82130",""
"A5ACBED9-2153-46F0-AA04-0FA331F07C11","D7C13236-CE83-4BEA-A798-78E2575441D2","09B4FA55-EAFA-4283-86B6-85193B79833A","YE 2024 Appeal","","Text","D","","","","","","","EF6276D7-10DA-46EB-BAF3-22071FE82130",""
"97396CF8-7E69-4CFC-B8EF-147B41DC344B","589A9B11-F489-4C90-AB2D-8287465BD615","","Spring 2025 Appeal","","Text","F","","","","","","","E1603C4E-06CB-42A6-B2A8-51B9A3B8DF51",""
"9FACFC90-8805-4BE0-82FC-262BD1DC71F1","4DEEAE2C-F4A4-4A4E-A015-6C57B04B91F9","","YE 2024 Appeal","","Text","A","","","","","","","EF6276D7-10DA-46EB-BAF3-22071FE82130",""
"34AFC143-8B75-4582-BA6C-F0945CD893FE","2F5BADBD-D41C-428A-A0F5-484B42DF16CD","B6FE7726-6191-4F47-9644-6D7A2C42CD38","YE 2024 Appeal","","Text","A","","","","","","","EF6276D7-10DA-46EB-BAF3-22071FE82130",""
"6116522E-1A85-42AF-8371-AF10D1354A20","55B8DFF3-7DD0-4F9D-9BBD-4950A8F5D39E","","YE 2024 Appeal","","Text","A","","","","","","","EF6276D7-10DA-46EB-BAF3-22071FE82130",""
"0F10E32D-CA87-48A2-8567-D4316C5A3999","","A04F4AE1-E3F4-48F0-A8D8-3C45CE20E4B2","YE 2024 Appeal","","Text","B","","","","","","","EF6276D7-10DA-46EB-BAF3-22071FE82130",""
"E1B737B3-78A2-4576-9942-D5675BA5D88F","BB8FFDE7-4A13-409C-A8E7-934252E6D519","","YE 2024 Appeal","","Text","B","","","","","","","EF6276D7-10DA-46EB-BAF3-22071FE82130",""
"16789487-9A21-4FA4-9970-39DF500CD5B4","7B9A16EB-58B4-4A34-A528-222D05A8B514","","YE 2024 Appeal","","Text","E","","","","","","","EF6276D7-10DA-46EB-BAF3-22071FE82130",""
"F41FE596-7FEC-4ED7-B0AD-AF66ACD9E3C9","589A9B11-F489-4C90-AB2D-8287465BD615","","YE 2024 Appeal","","Text","F","","","","","","","EF6276D7-10DA-46EB-BAF3-22071FE82130",""
"028693DD-1ECE-400D-B509-7EEC4625DD15","","FD1E62BD-372C-4EFD-8094-D7CFF7F1A382","YE 2024 Appeal","","Text","F","","","","","","","EF6276D7-10DA-46EB-BAF3-22071FE82130",""
"8C825C03-29DE-47D2-B59D-AF3CC9B51D48","","FD1E62BD-372C-4EFD-8094-D7CFF7F1A382","CMS Major Gift Likelihood","","Number","987","","","987.0000","Blackbaud Analytics","2008-08-22","","3982A905-D1BC-4EE6-8608-94CD25ADA198",""
"2D1D0E22-1F4E-4515-8997-44B896626F79","D7C13236-CE83-4BEA-A798-78E2575441D2","09B4FA55-EAFA-4283-86B6-85193B79833A","Garden Patron Prospect","","Text","No value in RE7","","","","","","","8494200C-5249-4EBD-AAAD-40406450980C",""
"805DFF80-BE71-4833-B1BB-0592966B55E7","","FD1E62BD-372C-4EFD-8094-D7CFF7F1A382","Capital Camp Committee","","Yes/No","Yes","true","","","","2009-01-01","","9F0946EB-3158-4291-AF27-9927352AFD05",""
"36079243-760A-41C9-821C-05A78DE4F89D","","FD1E62BD-372C-4EFD-8094-D7CFF7F1A382","Capital Camp Committee","","Yes/No","Yes","true","","","","2009-01-01","","9F0946EB-3158-4291-AF27-9927352AFD05",""
"8232C8D5-B8A0-42F0-A6D9-72C2F0BBDFB2","27933C10-49FF-43E6-90DF-9FF3CA6B07AB","","Legacy Society","","Text","prospect","","","","","","","F17D0885-9350-4274-BEB6-A0FB4263DBB1",""
"158DC92F-6FF0-427C-B03F-4E9D7BDCEB42","","FD1E62BD-372C-4EFD-8094-D7CFF7F1A382","Legacy Society","","Text","Prospect","","","","","","","F17D0885-9350-4274-BEB6-A0FB4263DBB1",""
"571E8D04-7580-4C7D-ACDB-25E144DB17C5","27933C10-49FF-43E6-90DF-9FF3CA6B07AB","","CMS Major Gift Likelihood","","Number","846","","","846.0000","Blackbaud Analytics","2008-08-22","","3982A905-D1BC-4EE6-8608-94CD25ADA198",""
"0F2B9BB2-B573-4DC8-925E-F8EB55ED5BB9","88602FED-7CA5-4128-8B93-800BD17235BD","","CMS Major Gift Likelihood","","Number","774","","","774.0000","Blackbaud Analytics","2008-08-22","","3982A905-D1BC-4EE6-8608-94CD25ADA198",""
"D9E91944-6737-45D7-B9A4-C24DBBA4EF22","A5660303-EE91-415E-9315-9490DF401FCE","D5E3C204-1A8F-4956-8E6E-C6FA168DDC5A","Summer 2025 Appeal","","Text","A","","","","","","","170749C6-03AD-452D-A6FC-8C465D6B304B",""
"14B93275-C7F2-4C83-9AD4-3357C8F73FA4","4DEEAE2C-F4A4-4A4E-A015-6C57B04B91F9","","Summer 2025 Appeal","","Text","A","","","","","","","170749C6-03AD-452D-A6FC-8C465D6B304B",""
"5A8296BB-6D64-4F05-8D75-B41F9A91DE4E","2F5BADBD-D41C-428A-A0F5-484B42DF16CD","B6FE7726-6191-4F47-9644-6D7A2C42CD38","Summer 2025 Appeal","","Text","A","","","","","","","170749C6-03AD-452D-A6FC-8C465D6B304B",""
"315B2F8D-3B38-4A8A-A826-8996C71A6906","55B8DFF3-7DD0-4F9D-9BBD-4950A8F5D39E","","Summer 2025 Appeal","","Text","A","","","","","","","170749C6-03AD-452D-A6FC-8C465D6B304B",""
"79145B81-7A97-4923-8E61-BFE699B75335","DFC2F777-11D2-4A71-A410-2A0034C0C876","","Summer 2025 Appeal","","Text","A","","","","","","","170749C6-03AD-452D-A6FC-8C465D6B304B",""
"64B82DCB-910B-4F9B-91FC-33DDC15AFDAB","6114D052-B9AE-4866-84B5-F81E52620551","","Summer 2025 Appeal","","Text","A","","","","","","","170749C6-03AD-452D-A6FC-8C465D6B304B",""
"75ED7F1F-837A-4661-9031-3AD0EDA6DA13","","FD1E62BD-372C-4EFD-8094-D7CFF7F1A382","Summer 2025 Appeal","","Text","A","","","","","","","170749C6-03AD-452D-A6FC-8C465D6B304B",""
"160429A5-E4C8-4730-B39D-32B27074390D","","A04F4AE1-E3F4-48F0-A8D8-3C45CE20E4B2","Summer 2025 Appeal","","Text","B","","","","","","","170749C6-03AD-452D-A6FC-8C465D6B304B",""
"66228728-9457-47B4-912B-20F1EE2A50B4","BB8FFDE7-4A13-409C-A8E7-934252E6D519","","Summer 2025 Appeal","","Text","B","","","","","","","170749C6-03AD-452D-A6FC-8C465D6B304B",""
"F3EBED28-FD12-488F-A620-045FF9E3EE74","CC87A60E-C1E2-4043-820D-2516169077BD","","Summer 2025 Appeal","","Text","C","","","","","","","170749C6-03AD-452D-A6FC-8C465D6B304B",""
"08B5355D-3AC4-43F3-BE3F-ECDCE725BAC3","A492897F-0F1B-43EF-BBD9-DC2E5997043F","","Summer 2025 Appeal","","Text","C","","","","","","","170749C6-03AD-452D-A6FC-8C465D6B304B",""
"3DBFAECD-64AD-4DA7-9B38-6A8EF13AF2F4","DBFCFEF3-4944-4245-BDF9-CC6AE4CD2EC5","","Summer 2025 Appeal","","Text","C","","","","","","","170749C6-03AD-452D-A6FC-8C465D6B304B",""
"2592FA18-A2D8-4136-B16E-569E9CA153E3","D7C13236-CE83-4BEA-A798-78E2575441D2","09B4FA55-EAFA-4283-86B6-85193B79833A","CMS Major Gift Likelihood","","Number","941","","","941.0000","Blackbaud Analytics","2008-08-22","","3982A905-D1BC-4EE6-8608-94CD25ADA198",""
"A8A6E8E2-FC45-4AD5-A4F6-0E161EE10B6C","","A04F4AE1-E3F4-48F0-A8D8-3C45CE20E4B2","CMS Major Gift Likelihood","","Number","892","","","892.0000","Blackbaud Analytics","2008-08-22","","3982A905-D1BC-4EE6-8608-94CD25ADA198",""
"ED2A76D4-8E47-4954-AA7F-C75F059D7789","BB8FFDE7-4A13-409C-A8E7-934252E6D519","","CMS Major Gift Likelihood","","Number","989","","","989.0000","Blackbaud Analytics","2008-08-22","","3982A905-D1BC-4EE6-8608-94CD25ADA198",""
"58FC384C-6369-40DD-AA28-3ED269721E43","","FD1E62BD-372C-4EFD-8094-D7CFF7F1A382","CMS Major Gift Likelihood","","Number","987","","","987.0000","Blackbaud Analytics","2008-08-22","","3982A905-D1BC-4EE6-8608-94CD25ADA198",""
"D0A5F102-22F7-4372-A2C4-B9C8AC31AF97","D7C13236-CE83-4BEA-A798-78E2575441D2","09B4FA55-EAFA-4283-86B6-85193B79833A","Summer 2025 Appeal","","Text","C","","","","","","","170749C6-03AD-452D-A6FC-8C465D6B304B",""
"40562998-D9CC-43D5-B291-11FCFC7A8710","","09B4FA55-EAFA-4283-86B6-85193B79833A","Summer 2025 Appeal","","Text","D","","","","","","","170749C6-03AD-452D-A6FC-8C465D6B304B",""
"C6B2E372-A6B0-46F3-8C6D-E55A1A567A81","2F4D8CED-0384-4361-B924-7DB02F4A59B9","","Summer 2025 Appeal","","Text","FP","","","","","","","170749C6-03AD-452D-A6FC-8C465D6B304B",""
"0464A179-7C06-4C72-81F9-47C231CB12F0","32D4CB8E-3F8E-49E8-9560-035E500DD504","","Summer 2025 Appeal","","Text","FP","","","","","","","170749C6-03AD-452D-A6FC-8C465D6B304B",""
"4DB46AAE-AAC9-41EF-BA07-E979AC99C16E","27933C10-49FF-43E6-90DF-9FF3CA6B07AB","","Creative Plan Sess","","Text","Strategic Plan","","","","","","","D71A70C9-806F-4B19-BC78-BA4C333FF727",""
"ABAE66D1-A8D5-4F4B-BAC0-A3BC7804ACCF","","41B59DEF-57D3-4E59-A848-BF1182C57327","Donor Advised Fund","","Text","The Stonewall Fund at the Community for Southern Arizona","","","","","","","C6194253-1FA4-45AD-9EF6-4257AE57FEA8",""
"5D393677-83FF-42BD-A215-D9F72C3388E2","55B8DFF3-7DD0-4F9D-9BBD-4950A8F5D39E","","Donor Advised Fund","","Text","The Stonewall Fund at the Community Foundation for Southern Arizona","","","","","","","C6194253-1FA4-45AD-9EF6-4257AE57FEA8",""
"400E3424-3DCA-449F-9A9A-EC5A674BA442","A492897F-0F1B-43EF-BBD9-DC2E5997043F","","Donor Advised Fund","","Text","Jane Gellman Donor Advised Fund at the Milwaukee Jewish Federation","","","","","2023-11-23","","C6194253-1FA4-45AD-9EF6-4257AE57FEA8",""
"C59D0500-7B4E-49E8-8F67-0B7CD7512537","","FD1E62BD-372C-4EFD-8094-D7CFF7F1A382","Donor Advised Fund","","Text","Townsdin Living Trust Fund","","","","","","","C6194253-1FA4-45AD-9EF6-4257AE57FEA8",""
"0594FBA8-8EFD-4C9F-902D-4344AED07941","","A04F4AE1-E3F4-48F0-A8D8-3C45CE20E4B2","Donor Advised Fund","","Text","Foundation Carinoso","","","","","","","C6194253-1FA4-45AD-9EF6-4257AE57FEA8",""
"BD225D5F-0672-4A7F-9898-A6527742BF19","CC87A60E-C1E2-4043-820D-2516169077BD","","Donor Advised Fund","","Text","Amy Charles & Steven Mc Millan Donor Advised Fund held by the Jewish Community Foundation for Southern Arizona","","","","","2025-02-03","","C6194253-1FA4-45AD-9EF6-4257AE57FEA8",""
"D83336D3-A2CB-47B3-8B43-B108B0782AA6","589A9B11-F489-4C90-AB2D-8287465BD615","","Summer 2025 Appeal","","Text","FE","","","","","","","170749C6-03AD-452D-A6FC-8C465D6B304B",""
"3674A50E-AA9C-4FC2-AF00-B4B4DD9ACE22","","FD1E62BD-372C-4EFD-8094-D7CFF7F1A382","Capital Campaign Donor","","Yes/No","Yes","true","","","","","","65CF7FA0-C840-4EB2-A72B-AFE8B28BDDFF",""
"C8605DF1-B826-44BE-95D4-A85C17F3A0F7","88602FED-7CA5-4128-8B93-800BD17235BD","","Spring 2023","","Text","B","","","","","","","A725DDCF-0683-4C0E-8A32-EC67E37508F1",""
"0C7FDBAB-D1ED-4EED-9273-2E1005511676","4DEEAE2C-F4A4-4A4E-A015-6C57B04B91F9","","Spring 2023","","Text","A","","","","","","","A725DDCF-0683-4C0E-8A32-EC67E37508F1",""
"02BD2A11-FFA9-4FDF-B042-C9FAD389C91F","32D4CB8E-3F8E-49E8-9560-035E500DD504","","Spring 2023","","Text","D","","","","","","","A725DDCF-0683-4C0E-8A32-EC67E37508F1",""
"C2F81AC2-8575-4026-B64A-D5541A946214","7B9A16EB-58B4-4A34-A528-222D05A8B514","","Spring 2023","","Text","D","","","","","","","A725DDCF-0683-4C0E-8A32-EC67E37508F1",""
"84515F45-4B9E-4A89-9164-9B9E1422C0FE","BB8FFDE7-4A13-409C-A8E7-934252E6D519","","Spring 2023","","Text","B","","","","","","","A725DDCF-0683-4C0E-8A32-EC67E37508F1",""
"94AEDB40-B782-4647-8B62-4427DA175968","","09B4FA55-EAFA-4283-86B6-85193B79833A","Spring 2023","","Text","D","","","","","","","A725DDCF-0683-4C0E-8A32-EC67E37508F1",""
"A2632A85-319E-4B21-B085-DAED5B36863D","D7C13236-CE83-4BEA-A798-78E2575441D2","09B4FA55-EAFA-4283-86B6-85193B79833A","Spring 2023","","Text","D","","","","","","","A725DDCF-0683-4C0E-8A32-EC67E37508F1",""
"A512716D-5134-4372-BF2E-35C872ACAB47","A5660303-EE91-415E-9315-9490DF401FCE","D5E3C204-1A8F-4956-8E6E-C6FA168DDC5A","Spring 2023","","Text","D","","","","","","","A725DDCF-0683-4C0E-8A32-EC67E37508F1",""
"56BA02DD-F237-4B8A-BB01-CF67DADC79AB","","D5E3C204-1A8F-4956-8E6E-C6FA168DDC5A","Spring 2023","","Text","D","","","","","","","A725DDCF-0683-4C0E-8A32-EC67E37508F1",""
"39C95E09-F8C1-4BC3-81C6-0AB3D2444C4E","A492897F-0F1B-43EF-BBD9-DC2E5997043F","","Spring 2023","","Text","D","","","","","","","A725DDCF-0683-4C0E-8A32-EC67E37508F1",""
"40DEA1D5-EAAE-4F2A-A479-9B9AE8128B95","","A04F4AE1-E3F4-48F0-A8D8-3C45CE20E4B2","Spring 2023","","Text","B","","","","","","","A725DDCF-0683-4C0E-8A32-EC67E37508F1",""
"B1399461-3D1C-4C17-91C9-59D27025BC49","27933C10-49FF-43E6-90DF-9FF3CA6B07AB","","Spring 2023","","Text","C","","","","","","","A725DDCF-0683-4C0E-8A32-EC67E37508F1",""
"A3679213-615E-4E67-B998-9CD726DCE3EA","DBFCFEF3-4944-4245-BDF9-CC6AE4CD2EC5","","Spring 2023","","Text","D","","","","","","","A725DDCF-0683-4C0E-8A32-EC67E37508F1",""
"CD4D28B8-FF5E-40C5-A729-969732ADDF4B","8ED1CFC3-3E0F-4BFC-A33C-FFE2A2613B5C","","Spring 2023","","Text","D","","","","","","","A725DDCF-0683-4C0E-8A32-EC67E37508F1",""
"C4233A34-ED4E-4747-AC5F-59D79CC0748E","589A9B11-F489-4C90-AB2D-8287465BD615","","Spring 2023","","Text","D","","","","","","","A725DDCF-0683-4C0E-8A32-EC67E37508F1",""
"4FB6A683-642A-42DD-8D80-03CF9C1F0CFA","55B8DFF3-7DD0-4F9D-9BBD-4950A8F5D39E","","Spring 2023","","Text","D","","","","","","","A725DDCF-0683-4C0E-8A32-EC67E37508F1",""
"5A2B89B4-452D-49A1-913E-3874BE798B5D","DFC2F777-11D2-4A71-A410-2A0034C0C876","","Spring 2023","","Text","D","","","","","","","A725DDCF-0683-4C0E-8A32-EC67E37508F1",""
"1CEB1F10-0203-4507-B41E-893B0B08BE97","","FD1E62BD-372C-4EFD-8094-D7CFF7F1A382","Butterfly Affaire Committee","","Text","Member 2007","","","","","2005-05-01","","42C13887-41C6-4057-A3AC-52980775CF99",""
"57E36E94-09A4-477C-AE7B-DED806C929C1","","FD1E62BD-372C-4EFD-8094-D7CFF7F1A382","Butterfly Affaire Committee","","Text","No value in RE7","","","","","2006-03-01","","42C13887-41C6-4057-A3AC-52980775CF99",""
"90014FE7-6E75-4D51-B456-BA51DD9459C1","","FD1E62BD-372C-4EFD-8094-D7CFF7F1A382","Butterfly Affaire Committee","","Text","Member","","","","","2007-03-01","","42C13887-41C6-4057-A3AC-52980775CF99",""
"9C3F7C4E-D63F-4699-8656-F830F0B14370","","FD1E62BD-372C-4EFD-8094-D7CFF7F1A382","Butterfly Affaire Committee","","Text","Former","","","","","2008-10-12","","42C13887-41C6-4057-A3AC-52980775CF99",""
"7E44C7E7-67BC-47CB-9395-8D471B397F7B","4DEEAE2C-F4A4-4A4E-A015-6C57B04B91F9","","YE 2025 Appeal","","Text","A","","","","","","","F3E676BE-C207-4CCE-90BE-47D915A2AFC7",""
"1A10B8E4-9CF3-4562-9C4E-D80BDB8B7F2A","2F5BADBD-D41C-428A-A0F5-484B42DF16CD","B6FE7726-6191-4F47-9644-6D7A2C42CD38","YE 2025 Appeal","","Text","A","","","","","","","F3E676BE-C207-4CCE-90BE-47D915A2AFC7",""
"5BB7ED1B-48B7-4A78-95CC-03AF3F12C7CF","DBFCFEF3-4944-4245-BDF9-CC6AE4CD2EC5","","YE 2025 Appeal","","Text","A","","","","","","","F3E676BE-C207-4CCE-90BE-47D915A2AFC7",""
"DC9AA5FA-50DC-4DCD-8AED-19FF2A953319","6114D052-B9AE-4866-84B5-F81E52620551","","YE 2025 Appeal","","Text","A","","","","","","","F3E676BE-C207-4CCE-90BE-47D915A2AFC7",""
"41D20E17-911C-40AF-8788-A127DA828593","","A04F4AE1-E3F4-48F0-A8D8-3C45CE20E4B2","YE 2025 Appeal","","Text","B","","","","","","","F3E676BE-C207-4CCE-90BE-47D915A2AFC7",""
"EA3D2C42-025E-427C-B94C-A693416B2134","88602FED-7CA5-4128-8B93-800BD17235BD","","YE 2025 Appeal","","Text","C","","","","","","","F3E676BE-C207-4CCE-90BE-47D915A2AFC7",""
"0D32F920-93EB-44F9-966A-3332C0B0F80D","","D5E3C204-1A8F-4956-8E6E-C6FA168DDC5A","YE 2025 Appeal","","Text","C","","","","","","","F3E676BE-C207-4CCE-90BE-47D915A2AFC7",""
"3E5C0E72-03A4-4215-924A-B5440C85029D","A492897F-0F1B-43EF-BBD9-DC2E5997043F","","YE 2025 Appeal","","Text","C","","","","","","","F3E676BE-C207-4CCE-90BE-47D915A2AFC7",""
"AAC74349-AD4C-4527-8F42-3BB7BD362083","32D4CB8E-3F8E-49E8-9560-035E500DD504","","YE 2025 Appeal","","Text","F","","","","","","","F3E676BE-C207-4CCE-90BE-47D915A2AFC7",""
"AEAFB034-B729-41B3-B7E0-18546F9B0B24","589A9B11-F489-4C90-AB2D-8287465BD615","","YE 2025 Appeal","","Text","F","","","","","","","F3E676BE-C207-4CCE-90BE-47D915A2AFC7",""
"49D41135-A0CF-482C-ABFF-4F710DBD04DF","","FD1E62BD-372C-4EFD-8094-D7CFF7F1A382","Prospect","","Text","Yes","","","","","","","0FB7375D-FAB2-42C6-8453-7776ED50E02C",""
"32576112-29C5-46DE-A220-40FFB27301C1","D7C13236-CE83-4BEA-A798-78E2575441D2","09B4FA55-EAFA-4283-86B6-85193B79833A","Prospect","","Text","No value in RE7","","","","","","","0FB7375D-FAB2-42C6-8453-7776ED50E02C",""
"7C84DFC9-B974-45A8-AA5B-4AEF4443F24C","27933C10-49FF-43E6-90DF-9FF3CA6B07AB","","Prospect","","Text","Yes","","","","","","","0FB7375D-FAB2-42C6-8453-7776ED50E02C",""
"5615AA84-C3D3-40D7-829E-C9094D86D559","4DEEAE2C-F4A4-4A4E-A015-6C57B04B91F9","","Prospect","","Text","current","","","","","","","0FB7375D-FAB2-42C6-8453-7776ED50E02C",""
"77899CA1-5EBF-4501-9AB5-758C3B4FF5DD","27933C10-49FF-43E6-90DF-9FF3CA6B07AB","","Lifetime","","Yes/No","Yes","true","","","","","","9A2749FF-CF15-4DC3-A20A-95156C2AC886",""
"9308705A-8ECE-4BA5-A067-293631ADE427","","FD1E62BD-372C-4EFD-8094-D7CFF7F1A382","Development Committee","","Text","No value in RE7","","","","","2006-01-01","","3B11F582-C717-4DE3-86A2-697161979169",""
"98FCAEE7-77D8-4B27-AFE7-CD52C98CA988","","FD1E62BD-372C-4EFD-8094-D7CFF7F1A382","Butterfly Affaire Committee","","Text","No value in RE7","","","","","2004-04-01","","42C13887-41C6-4057-A3AC-52980775CF99",""
"5BAD66AA-D421-4B0E-BBD7-58E9D887EF1A","","FD1E62BD-372C-4EFD-8094-D7CFF7F1A382","YE 2025 Appeal","","Text","C","","","","","","","F3E676BE-C207-4CCE-90BE-47D915A2AFC7",""
"20D71960-F6EA-4D36-AD79-2C804F5E1B19","","09B4FA55-EAFA-4283-86B6-85193B79833A","YE 2025 Appeal","","Text","D","","","","","","","F3E676BE-C207-4CCE-90BE-47D915A2AFC7",""
"3448DB52-9DA0-48DE-98F5-7DD68BFBBE5A","2F4D8CED-0384-4361-B924-7DB02F4A59B9","","YE 2025 Appeal","","Text","F","","","","","","","F3E676BE-C207-4CCE-90BE-47D915A2AFC7",""
"8ECFEF59-F240-40E4-929F-16B84D6EFACF","A5660303-EE91-415E-9315-9490DF401FCE","D5E3C204-1A8F-4956-8E6E-C6FA168DDC5A","YE 2025 Appeal","","Text","Special","","","","","","","F3E676BE-C207-4CCE-90BE-47D915A2AFC7",""
"F883AAC1-BAB8-4DC2-9A5A-2A74B97DD80C","D7C13236-CE83-4BEA-A798-78E2575441D2","09B4FA55-EAFA-4283-86B6-85193B79833A","Early Renewal","","Yes/No","Yes","true","","","erenew19","2019-10-24","","46474C3E-1F0A-4889-A31F-F94C48C1CBC8",""
"D1E59BE0-2C3E-4970-B471-C43334343A6C","D7C13236-CE83-4BEA-A798-78E2575441D2","09B4FA55-EAFA-4283-86B6-85193B79833A","Gift Membership Certificate ID","","Text","10174","","","","","","","6128FCF4-1A93-45C8-AA01-A53C688D6C42",""
"80221846-2382-44EE-8147-CBBDAFF1AEDB","","41B59DEF-57D3-4E59-A848-BF1182C57327","Comp Newsletter","","Text","No value in RE7","","","","","","","ACE30560-80B2-4649-9D39-1CD3938B39E6",""
"440D902A-41B0-4150-8256-C10C2CC17C74","27933C10-49FF-43E6-90DF-9FF3CA6B07AB","","Comp Newsletter","","Text","major donor","","","","","2020-01-03","","ACE30560-80B2-4649-9D39-1CD3938B39E6",""
"3C86F002-8AF6-4154-8115-CCD5A74574D7","","300201ED-A0DC-42D1-8A57-7800527408C5","Comp Newsletter","","Text","NGO","","","","","","","ACE30560-80B2-4649-9D39-1CD3938B39E6",""
"0B2BDAF9-BD6B-4830-BAEA-BFBB85FCC891","27933C10-49FF-43E6-90DF-9FF3CA6B07AB","","Party Invite","","Code Table","No value in RE7","","","","","","","BDDD1DC9-59C4-4500-972E-B77AB0A2647F","PARTYSTATUSCODE"
"38201D19-1C75-47CB-A255-C7944C994964","","FD1E62BD-372C-4EFD-8094-D7CFF7F1A382","Party Invite","","Code Table","Current","","","","","","","BDDD1DC9-59C4-4500-972E-B77AB0A2647F","PARTYSTATUSCODE"
"6B732B59-B453-4883-B465-26A9D013865D","D7C13236-CE83-4BEA-A798-78E2575441D2","09B4FA55-EAFA-4283-86B6-85193B79833A","CMS Past Giver Type","","Code Table","Consistent Giver","","","","Blackbaud Analytics","2008-08-22","","3B4E0CB4-5F03-4DEC-B3D3-F9E568F77F51","CMSPASTGIVERTYPECODE"
"D3BAC324-304B-4252-9781-F7D6EC0058DF","BB8FFDE7-4A13-409C-A8E7-934252E6D519","","CMS Past Giver Type","","Code Table","Consistent Giver","","","","Blackbaud Analytics","2008-08-22","","3B4E0CB4-5F03-4DEC-B3D3-F9E568F77F51","CMSPASTGIVERTYPECODE"
"C07930BB-F0BC-4178-B553-4558422C1FFF","A5660303-EE91-415E-9315-9490DF401FCE","D5E3C204-1A8F-4956-8E6E-C6FA168DDC5A","Comp Newsletter","","Text","Past Board Member, loyal donor","","","","","","","ACE30560-80B2-4649-9D39-1CD3938B39E6",""
"3232E039-BE8D-4E62-A5D4-FCB2D54C7E76","4DEEAE2C-F4A4-4A4E-A015-6C57B04B91F9","","Comp Newsletter","","Text","Major donor","","","","","","","ACE30560-80B2-4649-9D39-1CD3938B39E6",""
"62184BC3-F9A7-4393-BAE6-6B5CAD9A717C","BB8FFDE7-4A13-409C-A8E7-934252E6D519","","Comp Newsletter","","Text","Major donor","","","","","","","ACE30560-80B2-4649-9D39-1CD3938B39E6",""
"9DB9887F-7664-44F5-B338-94265B9830F6","D7C13236-CE83-4BEA-A798-78E2575441D2","09B4FA55-EAFA-4283-86B6-85193B79833A","Comp Newsletter","","Text","Major donor","","","","","","","ACE30560-80B2-4649-9D39-1CD3938B39E6",""
"6AF633BF-0692-45B3-AA40-2A897F8A531C","","C069F150-226F-43A7-A98A-DA8C9CBAF735","Comp Newsletter","","Text","Sponsor","","","","","","","ACE30560-80B2-4649-9D39-1CD3938B39E6",""
"9DEE476D-58AA-4577-932D-B07391ECF145","D7C13236-CE83-4BEA-A798-78E2575441D2","09B4FA55-EAFA-4283-86B6-85193B79833A","Party Invite","","Code Table","Current","","","","","2003-11-14","","BDDD1DC9-59C4-4500-972E-B77AB0A2647F","PARTYSTATUSCODE"
"76BEB2D7-7E7E-4B61-91A1-C86363EFABAB","","FD1E62BD-372C-4EFD-8094-D7CFF7F1A382","CMS Past Giver Type","","Code Table","Consistent Giver","","","","Blackbaud Analytics","2008-08-22","","3B4E0CB4-5F03-4DEC-B3D3-F9E568F77F51","CMSPASTGIVERTYPECODE"
"65670336-5E2B-4B4A-B198-04C519F95C3F","27933C10-49FF-43E6-90DF-9FF3CA6B07AB","","CMS Past Giver Type","","Code Table","Occasional Giver","","","","Blackbaud Analytics","2008-08-22","","3B4E0CB4-5F03-4DEC-B3D3-F9E568F77F51","CMSPASTGIVERTYPECODE"
"AF0F72EE-D11B-4887-95CF-CBBBA91EEDFD","","A04F4AE1-E3F4-48F0-A8D8-3C45CE20E4B2","CMS Past Giver Type","","Code Table","Occasional Giver","","","","Blackbaud Analytics","2008-08-22","","3B4E0CB4-5F03-4DEC-B3D3-F9E568F77F51","CMSPASTGIVERTYPECODE"
"6506F5A3-EA8F-42F5-AD12-F72922E07053","","FD1E62BD-372C-4EFD-8094-D7CFF7F1A382","CMS Past Giver Type","","Code Table","Consistent Giver","","","","Blackbaud Analytics","2008-08-22","","3B4E0CB4-5F03-4DEC-B3D3-F9E568F77F51","CMSPASTGIVERTYPECODE"
"A31C64D7-0D2A-4C69-8B0F-BCFC15E7FD53","88602FED-7CA5-4128-8B93-800BD17235BD","","CMS Past Giver Type","","Code Table","Occasional Giver","","","","Blackbaud Analytics","2008-08-22","","3B4E0CB4-5F03-4DEC-B3D3-F9E568F77F51","CMSPASTGIVERTYPECODE"
"BB80F0F3-A6E4-4A3F-91E8-25BD5196B1E2","","FD1E62BD-372C-4EFD-8094-D7CFF7F1A382","TBG Volunteer","","Code Table","Former","","","","","2006-07-20","","A6B210FB-6264-4AD6-AFBA-FC6EFD28DB5A","STATUSCODE"
"4C1B1857-0B9C-47C8-94E7-A997FC70A0F1","27933C10-49FF-43E6-90DF-9FF3CA6B07AB","","Holiday Gift","","Code Table","YES","","","","","","","77319FD7-0958-4D64-8FA6-E19B2888B1FD","HOLIDAYGIFTCODE"
"B0FB18DD-2BC5-4431-B2A4-B7435E2479C6","","FD1E62BD-372C-4EFD-8094-D7CFF7F1A382","Holiday Gift","","Code Table","YES","","","","","","","77319FD7-0958-4D64-8FA6-E19B2888B1FD","HOLIDAYGIFTCODE"
"229EF89A-F545-4C13-A4D8-73E634103486","","FD1E62BD-372C-4EFD-8094-D7CFF7F1A382","CMS Target Gift Dollar Range","","Code Table","$10,001-$25,000","","","","Blackbaud Analytics","2008-08-22","","57D9AE76-DC83-45BC-9DC8-A6746DA507E5","CMSTARGETGIFTDOLLARRANGECODE"
"3FAAB291-120B-4064-8D62-6108995537A4","27933C10-49FF-43E6-90DF-9FF3CA6B07AB","","CMS Target Gift Dollar Range","","Code Table","$1,001-$2,500","","","","Blackbaud Analytics","2008-08-22","","57D9AE76-DC83-45BC-9DC8-A6746DA507E5","CMSTARGETGIFTDOLLARRANGECODE"
"8ECD75EB-E25B-4505-BE64-06077F91BDCF","","A04F4AE1-E3F4-48F0-A8D8-3C45CE20E4B2","CMS Target Gift Dollar Range","","Code Table","$101-$250","","","","Blackbaud Analytics","2008-08-22","","57D9AE76-DC83-45BC-9DC8-A6746DA507E5","CMSTARGETGIFTDOLLARRANGECODE"
"45489B51-8665-467B-ACBB-F9226ADEADB0","BB8FFDE7-4A13-409C-A8E7-934252E6D519","","CMS Target Gift Dollar Range","","Code Table","$1,001-$2,500","","","","Blackbaud Analytics","2008-08-22","","57D9AE76-DC83-45BC-9DC8-A6746DA507E5","CMSTARGETGIFTDOLLARRANGECODE"
"37B11852-D001-48E8-99FD-67024DD24B20","","C069F150-226F-43A7-A98A-DA8C9CBAF735","LightsUp! Sponsor","","Code Table","2025","","","","Zone","","","AC74260C-0C6F-4D7C-B5B4-707509D90DC0","YEARCODE"
"7DD3A996-0EA4-4728-AEBD-9E58D37FD2F0","","C069F150-226F-43A7-A98A-DA8C9CBAF735","LightsUp! Sponsor","","Code Table","2026","","","","Zone","","","AC74260C-0C6F-4D7C-B5B4-707509D90DC0","YEARCODE"
"9017294F-FDB2-4D8F-9072-9E55A155C1DF","","C069F150-226F-43A7-A98A-DA8C9CBAF735","LightsUp! Sponsor","","Code Table","2024","","","","","","","AC74260C-0C6F-4D7C-B5B4-707509D90DC0","YEARCODE"
"BA9B6515-9FBC-447B-8E5F-177B3B7E7A03","D7C13236-CE83-4BEA-A798-78E2575441D2","09B4FA55-EAFA-4283-86B6-85193B79833A","CMS Target Gift Dollar Range","","Code Table","$251-$500","","","","Blackbaud Analytics","2008-08-22","","57D9AE76-DC83-45BC-9DC8-A6746DA507E5","CMSTARGETGIFTDOLLARRANGECODE"
"BBDF3B38-7BBC-4949-94AF-DBC566233297","88602FED-7CA5-4128-8B93-800BD17235BD","","CMS Target Gift Dollar Range","","Code Table","$101-$250","","","","Blackbaud Analytics","2008-08-22","","57D9AE76-DC83-45BC-9DC8-A6746DA507E5","CMSTARGETGIFTDOLLARRANGECODE"
"4BD606B1-B626-44C7-B54F-DBDF2E1A3F32","27933C10-49FF-43E6-90DF-9FF3CA6B07AB","","Personalized Solicitation","","Code Table","Current","","","","","","","DA9CF902-09F6-4FF8-8A7C-AC9C0B83DB1B","PERSONALIZEDSOLICITATIONCODE"
"E78748DB-3806-4217-BC15-39A5A87EC69E","","87CA3D50-B435-4906-8D9E-41561639B348","Personalized Solicitation","","Code Table","Current","","","","","","","DA9CF902-09F6-4FF8-8A7C-AC9C0B83DB1B","PERSONALIZEDSOLICITATIONCODE"
"F47631C2-7269-49C4-A28F-8D59CB41FB9A","","FD1E62BD-372C-4EFD-8094-D7CFF7F1A382","CMS Target Gift Dollar Range","","Code Table","$1,001-$2,500","","","","Blackbaud Analytics","2008-08-22","","57D9AE76-DC83-45BC-9DC8-A6746DA507E5","CMSTARGETGIFTDOLLARRANGECODE"
"3DFCD117-99F0-434C-A23A-D12D1AB3B3BD","27933C10-49FF-43E6-90DF-9FF3CA6B07AB","","Board","","Code Table","former","","","","","","","11910371-A313-4228-B15B-D476A1AFAC04","ACKNOWLEDGECODE"
"DDB80CEF-D12A-438F-A4BA-05AAF9744E3A","","300201ED-A0DC-42D1-8A57-7800527408C5","Personalized Solicitation","","Code Table","Current","","","","","","","DA9CF902-09F6-4FF8-8A7C-AC9C0B83DB1B","PERSONALIZEDSOLICITATIONCODE"
